{
  "loss": [
    0.8794369101524353,
    1.0198705196380615,
    1.1508369445800781,
    0.9994447827339172,
    0.8774516582489014,
    1.1441646814346313,
    1.009869933128357,
    0.681743860244751,
    1.2143709659576416,
    1.3642041683197021,
    0.6546857357025146,
    1.0107338428497314,
    0.9611091613769531,
    1.2141008377075195,
    0.6631686687469482,
    0.9324251413345337,
    1.1127288341522217,
    0.8338406682014465,
    0.6100842952728271,
    1.0246999263763428,
    0.736691951751709
  ],
  "accuracy": [
    0.5,
    0.625,
    0.4375,
    0.5,
    0.625,
    0.5625,
    0.5,
    0.6875,
    0.375,
    0.4375,
    0.5625,
    0.5,
    0.5,
    0.25,
    0.5625,
    0.5625,
    0.5625,
    0.5625,
    0.75,
    0.375,
    0.6875
  ],
  "val_loss": [
    0.6931487321853638,
    0.6932732462882996,
    0.6931668519973755,
    0.6933978796005249,
    0.6935086250305176,
    0.6937273740768433,
    0.6941829919815063,
    0.693987250328064,
    0.6946783065795898,
    0.6948904991149902,
    0.6943353414535522,
    0.6955630779266357,
    0.6951885223388672,
    0.6955639123916626,
    0.6958246231079102,
    0.6954014301300049,
    0.6963735818862915,
    0.6977468729019165,
    0.6963803768157959,
    0.6996908187866211,
    0.6979222297668457
  ],
  "val_accuracy": [
    0.5,
    0.5,
    0.5,
    0.5,
    0.5,
    0.5,
    0.5,
    0.5,
    0.5,
    0.5,
    0.5,
    0.5,
    0.5,
    0.5,
    0.5,
    0.5,
    0.5,
    0.5,
    0.5,
    0.5,
    0.5
  ],
  "lr": [
    9.999999747378752e-05,
    9.999999747378752e-05,
    9.999999747378752e-05,
    9.999999747378752e-05,
    9.999999747378752e-05,
    9.999999747378752e-05,
    9.999999747378752e-05,
    9.999999747378752e-05,
    9.999999747378752e-05,
    9.999999747378752e-05,
    9.999999747378752e-05,
    1.9999999494757503e-05,
    1.9999999494757503e-05,
    1.9999999494757503e-05,
    1.9999999494757503e-05,
    1.9999999494757503e-05,
    1.9999999494757503e-05,
    1.9999999494757503e-05,
    1.9999999494757503e-05,
    1.9999999494757503e-05,
    1.9999999494757503e-05
  ]
}